{
    "__comment": "Made with TheDestruc7i0n's advancements generator: https://advancements.thedestruc7i0n.ca",
    "display": {
        "title": {
            "text": "Humble Beginnings"
        },
        "description": {
            "text": "Build your first house."
        },
        "icon": {
            "item": "minecraft:end_stone_bricks"
        },
        "frame": "goal",
        "show_toast": true,
        "announce_to_chat": true,
        "hidden": false
    },
    "criteria": {
        "c1": {
            "trigger": "minecraft:impossible"
        }
    },
    "rewards": {
        "experience": 1
    },
    "parent": "guide:root"
}