{
    "__comment": "Made with TheDestruc7i0n's advancements generator: https://advancements.thedestruc7i0n.ca",
    "display": {
        "title": {
            "text": "The Grind"
        },
        "description": {
            "text": "Build a Watermill."
        },
        "icon": {
            "item": "minecraft:glowstone_dust"
        },
        "frame": "challenge",
        "show_toast": true,
        "announce_to_chat": true,
        "hidden": false
    },
    "criteria": {
        "c1": {
            "trigger": "minecraft:impossible"
        }
    },
    "rewards": {
        "experience": 5
    },
    "parent": "guide:adv11"
}