{
    "__comment": "Made with TheDestruc7i0n's advancements generator: https://advancements.thedestruc7i0n.ca",
    "display": {
        "title": {
            "text": "Cash Crop"
        },
        "description": {
            "text": "Build a Plantation."
        },
        "icon": {
            "item": "minecraft:farmland"
        },
        "frame": "challenge",
        "show_toast": true,
        "announce_to_chat": true,
        "hidden": false
    },
    "criteria": {
        "c1": {
            "trigger": "minecraft:impossible"
        }
    },
    "rewards": {
        "experience": 15
    },
    "parent": "guide:adv18"
}