{
    "__comment": "Made with TheDestruc7i0n's advancements generator: https://advancements.thedestruc7i0n.ca",
    "display": {
        "title": {
            "text": "Modernist"
        },
        "description": {
            "text": "Build a Tier 5 House."
        },
        "icon": {
            "item": "minecraft:redstone_lamp"
        },
        "frame": "challenge",
        "show_toast": true,
        "announce_to_chat": true,
        "hidden": false
    },
    "criteria": {},
    "rewards": {
        "experience": 10
    },
    "parent": "guide:adv4"
}