{
    "__comment": "Made with TheDestruc7i0n's advancements generator: https://advancements.thedestruc7i0n.ca",
    "display": {
        "title": {
            "text": "Empires",
            "color": "gold",
            "bold": true,
            "underlined": true
        },
        "description": {
            "text": "Start your Empire!",
            "color": "light_purple",
            "bold": false,
            "italic": true
        },
        "icon": {
            "item": "minecraft:wooden_sword"
        },
        "frame": "challenge",
        "show_toast": true,
        "announce_to_chat": true,
        "hidden": false,
        "background": "minecraft:textures/gui/advancements/backgrounds/stone.png"
    },
    "criteria": {
        "c1": {
            "trigger": "minecraft:impossible"
        }
    }
}